student_id,roll_no,student_name_masked,Q1_52_minus_17,Q2_60_minus_24,Q3_43_minus_8,Q4_71_minus_39,Q5_85_minus_28
STU_001,Roll-01,Student-01,35,36,35,32,57
STU_002,Roll-02,Student-02,45,44,45,48,63
STU_003,Roll-03,Student-03,36,37,34,33,56
STU_004,Roll-04,Student-04,69,84,51,110,113
STU_005,Roll-05,Student-05,35,36,35,32,57
STU_006,Roll-06,Student-06,45,44,45,48,63
STU_007,Roll-07,Student-07,34,35,36,31,58
STU_008,Roll-08,Student-08,45,44,45,48,63
STU_009,Roll-09,Student-09,69,84,51,110,113
STU_010,Roll-10,Student-10,35,36,35,32,57
STU_011,Roll-11,Student-11,45,44,45,48,63
STU_012,Roll-12,Student-12,36,38,36,33,56
STU_013,Roll-13,Student-13,45,44,45,48,63
STU_014,Roll-14,Student-14,69,84,51,110,113
STU_015,Roll-15,Student-15,35,36,35,32,57
STU_016,Roll-16,Student-16,45,44,45,48,63
STU_017,Roll-17,Student-17,37,35,34,31,58
STU_018,Roll-18,Student-18,45,44,45,48,63
STU_019,Roll-19,Student-19,69,84,51,110,113
STU_020,Roll-20,Student-20,35,36,35,32,57
STU_021,Roll-21,Student-21,45,44,45,48,63
STU_022,Roll-22,Student-22,34,37,36,33,56
STU_023,Roll-23,Student-23,69,84,51,110,113
STU_024,Roll-24,Student-24,35,36,35,32,57
STU_025,Roll-25,Student-25,35,36,35,32,57
STU_026,Roll-26,Student-26,35,36,35,32,57
STU_027,Roll-27,Student-27,35,36,35,32,57
STU_028,Roll-28,Student-28,35,36,35,32,57
STU_029,Roll-29,Student-29,35,36,35,32,57
STU_030,Roll-30,Student-30,35,36,35,32,57
STU_031,Roll-31,Student-31,35,36,35,32,57
STU_032,Roll-32,Student-32,35,36,35,32,57
